"First Name","Last Name"
"Miley","Grant"
"April","Davis"
"Deanna","Bailey"
"Rebecca","Brooks"
"Adrianna","Parker"
"Kate","Ferguson"
"Adrianna","Payne"
"Adrianna","Perkins"
"Justin","Stewart"
"Aldus","Hunt"
"Paul","Warren"
"Preston","Taylor"
"Lana","Grant"
"Fiona","Bailey"
"Adrianna","Owens"
"Lana","Reed"
"Emily","Lloyd"
"Florrie","West"
"Camila","Murray"
"Kirsten","Taylor"
"Oliver","Reed"
"Kelvin","Chapman"
"Alissa","Cooper"
"Eleanor","Barnes"
"Michael","Baker"
"Dainton","Tucker"
"Arnold","Armstrong"
"Aiden","Anderson"
"Miller","Walker"
"Edgar","Russell"
"Leonardo","Dixon"
"George","Johnson"
"Miller","Miller"
"Carl","Sullivan"
"Paige","Hill"
"Jenna","Hall"
"Andrew","Smith"
"Adelaide","Nelson"
"Robert","Dixon"
"Honey","Taylor"
"George","Russell"
"Lilianna","Wells"
"Julia","Adams"
"Florrie","Clark"
"Lana","Warren"
"Chloe","Stewart"
"Aldus","Fowler"
"Harold","Allen"
"Rubie","Fowler"
"Vanessa","Elliott"
"Adrianna","Nelson"
"Miranda","Scott"
"Anna","Miller"
"Natalie","Thompson"
"Edward","Ellis"
"Anna","Holmes"
"Sienna","Kelley"
"Sam","Sullivan"
"Jasmine","Tucker"
"Sarah","Myers"
"Walter","Crawford"
"Stella","Holmes"
"Kimberly","Reed"
"Dale","Baker"
"Eleanor","Foster"
"Rubie","Owens"
"Carlos","Lloyd"
"Vincent","Lloyd"
"Ryan","Bennett"
"Charlotte","Wilson"
"Eddy","Hall"
"Sam","Clark"
"Aiden","Ferguson"
"Ada","Payne"
"Richard","Barrett"
"Brianna","Hall"
"Lenny","Nelson"
"Ashton","Henderson"
"Rosie","Nelson"
"Freddie","Stevens"
"Adele","Hawkins"
"Nicholas","Williams"
"James","Cooper"
"Naomi","Miller"
"Honey","Perry"
"Adison","Casey"
"Patrick","Parker"
"Madaline","Thomas"
"Harold","Thomas"
"Natalie","Edwards"
"Aldus","Holmes"
"Alina","Ferguson"
"Emma","Evans"
"Sofia","Smith"
"Abigail","Hunt"
"Thomas","Dixon"
"Samantha","Baker"
"Dainton","Gray"
"Belinda","Brown"
"Tony","Perkins"
"Kelsey","Cameron"
"Nicole","Crawford"
"Anna","Taylor"
"Rebecca","Hawkins"
"Madaline","Cameron"
"Alford","Elliott"
"Cadie","Jones"
"Amy","Stevens"
"Albert","Armstrong"
"Arnold","Stewart"
"Thomas","Edwards"
"Miley","Adams"
"Kirsten","Perry"
"Lenny","Moore"
"Violet","Allen"
"Dexter","Hall"
"Haris","Johnson"
"Frederick","Kelley"
"Chelsea","Douglas"
"Eddy","Dixon"
"Lana","Mitchell"
"Carl","Ellis"
"Lucia","Morrison"
"Kristian","Rogers"
"Lilianna","Cameron"
"Thomas","Jones"
"Madaline","Scott"
"Alina","Bailey"
"Anna","Richards"
"Blake","Turner"
"Anna","Brown"
"William","Ross"
"Olivia","Roberts"
"Kirsten","Carter"
"Byron","Stevens"
"Evelyn","Chapman"
"Luke","Reed"
"Cherry","Kelly"
"Miranda","Mason"
"Lilianna","Hill"
"Stuart","Fowler"
"Dainton","Morris"
"Preston","Kelley"
"Dale","Phillips"
"Valeria","Grant"
"Amelia","Robinson"
"Walter","Johnston"
"Abraham","Cole"
"Adrianna","Murray"
"Vincent","Watson"
"Arnold","Cameron"
"Kelsey","Ryan"
"Sarah","Mitchell"
"Justin","Casey"
"Melissa","Watson"
"Walter","Harrison"
"Kate","Chapman"
"Ada","Stewart"
"Eddy","Miller"
"Sam","Higgins"
"Maya","Anderson"
"Henry","Jones"
"Julian","Kelley"
"Samantha","Grant"
"John","Holmes"
"Roland","Stevens"
"Nicholas","Howard"
"Michael","Smith"
"Alexia","Carroll"
"Jared","Myers"
"Preston","Adams"
"Amelia","Baker"
"Audrey","Richards"
"Abigail","Richardson"
"Garry","Dixon"
"Owen","Morrison"
"Ryan","Morris"
"Mike","Gibson"
"Eddy","Harper"
"Bruce","Wilson"
"Aiden","Evans"
"Henry","Moore"
"Joyce","Ryan"
"Kirsten","Chapman"
"Vivian","Thomas"
"Penelope","Spencer"
"Stuart","Crawford"
"Adison","Alexander"
"Julia","Hamilton"
"Olivia","Brown"
"Roland","Murphy"
"Isabella","Moore"
"Vincent","Grant"
"Emily","Bailey"
"Cadie","Morgan"
"Kelvin","Henderson"
"Clark","Gibson"
"Jessica","Armstrong"
"Connie","Lloyd"
"April","Walker"
"Emily","Murphy"
"Edwin","Moore"
"Melanie","Watson"
"Lydia","Richardson"
"Amanda","Hunt"
"Justin","Spencer"
"Cherry","Gibson"
"Aldus","Wright"
"Kelsey","Carter"
"Isabella","Watson"
"Carl","Andrews"
"Adelaide","Dixon"
"Frederick","Barrett"
"Brianna","Roberts"
"Paige","Stewart"
"Amanda","Barnes"
"Jacob","Smith"
"Camila","Gray"
"Brooke","Carroll"
"Jasmine","Edwards"
"Olivia","Douglas"
"Adrian","Payne"
"Isabella","Harrison"
"Brooke","Sullivan"
"Oscar","West"
"Charlotte","Tucker"
"Arianna","Henderson"
"Frederick","Gibson"
"Victor","Ellis"
"Vanessa","Elliott"
"Miranda","Montgomery"
"Kate","Kelley"
"Abigail","Myers"
"Alberta","Nelson"
"Stella","Thomas"
"Miller","Murphy"
"Kristian","Ross"
"Lenny","Harris"
"Samantha","Cunningham"
"Adam","Barnes"
"Dominik","Williams"
"Jacob","Adams"
"Heather","Cooper"
"Sienna","Kelley"
"Tony","Hunt"
"Mike","Myers"
"James","Richards"
"Victoria","Douglas"
"Nicole","Ferguson"
"Aston","Ross"
"Gianna","Fowler"
"Ellia","Anderson"
"Owen","Richards"
"Natalie","Taylor"
"Jordan","Hill"
"Luke","Foster"
"John","Crawford"
"Roman","Holmes"
"Catherine","Tucker"
"Kevin","Montgomery"
"Amy","Hunt"
"Charlie","Gray"
"Abraham","Kelly"
"Michelle","Montgomery"
"Miller","Crawford"
"Arthur","Harris"
"Sarah","Russell"
"Ned","Warren"
"Aiden","Henderson"
"Amanda","Wilson"
"Briony","Howard"
"Jack","Walker"
"Mary","Carroll"
"Tess","Johnston"
"Carl","Henderson"
"Miller","Ross"
"Connie","Morgan"
"Amber","Morris"
"Amelia","Cole"
"Lydia","Johnston"
"Tess","Ross"
"Max","Barrett"
"Charlie","Murphy"
"Audrey","Richardson"
"Arnold","Harper"
"Lilianna","Elliott"
"Miranda","Hall"
"Martin","Morgan"
"Dale","Perry"
"Spike","Turner"
"Naomi","Holmes"
"Alina","Sullivan"
"Dominik","Lloyd"
"Lana","Parker"
"Charlotte","Taylor"
"Oscar","Elliott"
"Joyce","Alexander"
"Lucy","Casey"
"Preston","Hamilton"
"Walter","Ross"
"Sabrina","Russell"
"Jacob","Barrett"
"Edward","Armstrong"
"Camila","Barrett"
"Amelia","Russell"
"Agata","Carroll"
"Tiana","Perkins"
"Dominik","Payne"
"Kelvin","Carter"
"Hailey","Ross"
"Belinda","Phillips"
"Emily","Elliott"
"Jasmine","Stewart"
"Ned","Morgan"
"Lucia","Nelson"
"Myra","Gibson"
"Tiana","Chapman"
"Carl","Stevens"
"Belinda","Andrews"
"Camila","Roberts"
"Kelsey","Stewart"
"Kellan","Ross"
"Alen","Campbell"
"Tony","Wilson"
"Adrian","Armstrong"
"Luke","Spencer"
"Garry","Johnson"
"Dexter","Richards"
"Ellia","Bennett"
"Sarah","Spencer"
"Sophia","Anderson"
"Deanna","Miller"
"Owen","Watson"
"Sawyer","Gray"
"Clark","Foster"
"Maria","Douglas"
"Ryan","Davis"
"Maya","Murray"
"Jacob","Crawford"
"Eleanor","Jones"
"Olivia","Sullivan"
"Walter","Scott"
"Ryan","Mason"
"George","Murray"
"Brad","Tucker"
"Tyler","Sullivan"
"Daryl","Owens"
"Ashton","Montgomery"
"Kelvin","Alexander"
"Abraham","Brown"
"Spike","Perry"
"Madaline","Rogers"
"Lucas","Perry"
"Sophia","Chapman"
"Sarah","Douglas"
"Heather","Barnes"
"Samantha","Perkins"
"Heather","Johnston"
"Adrianna","Thomas"
"Sydney","Campbell"
"Madaline","Baker"
"Maddie","Robinson"
"Victor","Myers"
"Cadie","Grant"
"Harold","Walker"
"Maya","Hill"
"Leonardo","Moore"
"Tyler","Chapman"
"Anna","Owens"
"Emily","Ross"
"Rubie","Foster"
"Michael","West"
"Tess","Stevens"
"Walter","Cunningham"
"Miranda","Craig"
"Honey","Spencer"
"William","Ross"
"Joyce","Cameron"
"Oscar","Higgins"
"Michael","Barnes"
"Roman","Rogers"
"Kelsey","Payne"
"Michelle","Cole"
"Tara","Howard"
"Steven","Russell"
"Julian","Miller"
"Stuart","Sullivan"
"Valeria","Reed"
"Rosie","Ferguson"
"Tara","Ferguson"
"Miller","Adams"
"Steven","Alexander"
"Evelyn","Miller"
"Abigail","Allen"
"Arianna","Morrison"
"Paul","Morrison"
"Arthur","Gibson"
"Grace","Warren"
"Tyler","Rogers"
"Adam","Edwards"
"Jack","Parker"
"Ryan","Casey"
"Samantha","Gray"
"Miller","Barnes"
"Ellia","Hunt"
"Carina","Martin"
"Daryl","Lloyd"
"Kirsten","Brooks"
"Amber","Carroll"
"George","Moore"
"Sofia","Jones"
"Arthur","Moore"
"Spike","Evans"
"David","Elliott"
"Oliver","Hunt"
"Jessica","Henderson"
"Martin","Harper"
"Kate","Thomas"
"Isabella","Barnes"
"Daryl","Harris"
"Victor","Lloyd"
"Florrie","Jones"
"Blake","Clark"
"Connie","Morrison"
"Julia","West"
"Brianna","Russell"
"Annabella","Riley"
"Luke","Evans"
"Clark","Murray"
"Martin","Morrison"
"Carl","Gibson"
"Blake","Robinson"
"Clark","Fowler"
"Carlos","Barrett"
"Lucia","Henderson"
"Lucy","Harper"
"Violet","Reed"
"Julia","Crawford"
"Clark","Hall"
"Oliver","Warren"
"Ted","Baker"
"Carlos","Hill"
"Tess","Clark"
"Ryan","Morgan"
"Blake","Hamilton"
"Haris","Kelley"
"Alberta","Scott"
"Naomi","Elliott"
"Jenna","Douglas"
"Alina","Baker"
"Jenna","Reed"
"Miller","Fowler"
"Jack","Perry"
"Dominik","Richardson"
"Sam","Gibson"
"Adrianna","Murphy"
"Alan","Williams"
"Amanda","Sullivan"
"Freddie","Crawford"
"Fiona","Riley"
"Tess","Richards"
"Steven","Hill"
"Maria","Gibson"
"Alexander","Perry"
"Stuart","Cooper"
"Rafael","Sullivan"
"Kevin","Sullivan"
"Brooke","Kelley"
"Lydia","Chapman"
"John","Barrett"
"Camila","Johnson"
"Lily","Smith"
"Kelsey","Miller"
"Camila","Hill"
"Dainton","Mason"
"Kellan","Mitchell"
"Oscar","Chapman"
"Grace","Harrison"
"Sydney","Carroll"
"Isabella","Thompson"
"Marcus","Robinson"
"Sarah","Higgins"
"Tony","Perry"
"Elise","Craig"
"Clark","Reed"
"Sam","Douglas"
"Eleanor","Clark"
"Julia","Moore"
"Carlos","Alexander"
"John","Perry"
"Natalie","Payne"
"Brianna","Martin"
"Ellia","Carter"
"Thomas","Riley"
"Cadie","Adams"
"Jessica","Carter"
"Oliver","Bennett"
"Natalie","Wright"
"Brad","Jones"
"Lilianna","Taylor"