Id Key, Name, Occupation, Salary
319-22-1194, Tess Carter, Home-worker, $35303
782-55-3558, Fiona Grant, Film director, $66308
944-70-6794, Dominik Spencer, Kennel worker, $113728
058-44-4237, Stuart Riley, Illustrator, $118516
071-19-5454, Audrey Scott, Home-worker, $70045
142-46-4790, Arnold Harrison, Computer programmer, $83815
882-65-4999, Walter Montgomery, Blacksmith, $55788
296-45-3861, Roland Wilson, Dancer, $124492
089-03-5828, Blake Moore, Meteorologist, $32215
825-76-0837, Sam Ross, Cook, $70213
150-54-5557, Michelle Baker, Waiter, $77509
355-13-4963, Sam Gray, Software consultant, $89141
205-39-1057, Adrianna Ryan, Stockbroker, $124246
051-79-3142, Miranda Wilson, Film director, $81799
375-79-5987, Jenna Johnston, Debt collector, $26416
380-27-5421, Carlos Carroll, Illustrator, $72549
156-39-4681, Blake Owens, Lifeguard, $70275
942-79-1146, Isabella Scott, Camera operator, $31260
337-96-5722, Lana Jones, Publisher, $66591
469-89-5780, Julia Hill, Debt collector, $122404
507-28-1104, Belinda Jones, Lifeguard, $114306
532-37-4429, Julian Crawford, Dancer, $115572
931-21-8498, Valeria Rogers, Meter reader, $62619
695-94-8185, Ryan Carroll, Dental nurse, $86544
357-28-1065, Samantha Harper, Lifeguard, $114402
344-53-3883, Mary Cunningham, Publisher, $34742
271-84-6577, Ryan Harper, Blacksmith, $67012
787-61-8253, Adrianna Walker, Chiropodist, $115645
051-62-3804, Lilianna Craig, Blacksmith, $68495
249-41-2787, Nicole Carter, Cook, $66895
951-44-4188, Mike Alexander, Software consultant, $59114
147-93-8181, Abigail Kelley, Home-worker, $97147
647-83-5233, Luke Watson, Cook, $103478
796-01-6910, Eleanor Davis, Psychiatrist, $73144
378-42-5750, Abigail Richardson, Mortician, $99650
927-49-2040, Natalie Perry, Dental nurse, $79366
543-78-6521, Miranda Barnes, Waiter, $119246
239-90-9727, Ellia Tucker, Blacksmith, $78829
551-73-7586, Blake Russell, Magician, $115042
832-20-8091, Lenny Dixon, Occupational therapist, $58629
357-20-0061, Audrey Harper, Cook, $108099
665-10-2987, Miranda Sullivan, Pharmacist, $78634
200-36-7190, Oliver Casey, Magician, $60799
079-32-3882, Isabella Stevens, Blacksmith, $106541
889-31-6457, Madaline Ross, Film director, $104982
371-68-6835, Cadie Roberts, Pharmacist, $67365
854-24-4918, Jasmine Dixon, Software consultant, $106246
338-19-1458, Marcus Higgins, Publisher, $46749
662-12-2721, Amelia Taylor, Dental nurse, $29100
786-83-9405, Madaline Elliott, Dietician, $31111
720-11-9479, Luke Harris, Bartender, $64653
022-40-5163, Arthur Evans, Security guard, $81854
779-82-8651, Ashton Moore, Blacksmith, $92129
563-21-9821, Alissa Kelley, Security guard, $80228
880-52-2015, Elise Cameron, Cook, $120765
689-83-6171, Ellia Brown, Computer programmer, $91696
619-32-6205, Paige Higgins, Dietician, $69196
240-05-5660, Clark Clark, Magician, $67754
987-81-8243, Vanessa Brooks, Cleric, $63181
359-06-6408, Tyler Wilson, Dietician, $84750
916-84-5126, Stuart Allen, Jockey, $117836
749-32-6610, Honey Hill, Blacksmith, $78549
022-03-5916, Aston Wright, Meter reader, $61255
813-50-6695, Vanessa Clark, Jockey, $58467
205-19-1105, Albert Evans, Camera operator, $27910
769-30-4498, Dexter Hunt, Blacksmith, $45631
790-67-4768, Dominik Hill, Cleric, $28483
630-06-8465, Emily Spencer, Dietician, $114648
454-19-5597, Sam Richards, Meter reader, $78667
536-18-4147, Olivia Fowler, Illustrator, $49839
856-30-5473, Melanie Harrison, Pharmacist, $74738
877-18-6131, Julian Gibson, Dietician, $83676
450-70-3347, Sarah Lloyd, Meteorologist, $95010
696-31-7306, Luke Lloyd, Mortician, $116727
219-72-8307, Arthur Moore, Civil servant, $111795
249-30-0138, Emily Taylor, Train driver, $75910
996-20-4067, Chelsea Murphy, Clairvoyant, $34018
327-16-5907, Briony Martin, Civil servant, $100084
467-24-3001, Rosie Hill, Cabinet maker, $41195
421-03-3522, Jessica Tucker, Chiropodist, $62289
508-36-2968, Haris Perkins, Jockey, $37242
003-77-9492, Grace Morrison, Film director, $88196
652-35-8240, Miranda Armstrong, Dancer, $68771
746-17-3519, Oliver Chapman, Magician, $80446
732-87-7686, Rubie Turner, Care assistant, $88701
611-67-1675, Carl Hamilton, Kennel worker, $64085
764-39-7817, Henry Scott, Security guard, $63165
976-97-8954, Charlotte Thomas, Publisher, $98674
925-76-7574, Natalie Barnes, Illustrator, $122538
807-09-6925, Rebecca Parker, Care assistant, $66892
234-40-7295, Florrie Harper, Dental nurse, $43345
102-46-4204, Martin Barrett, Illustrator, $71725
355-15-1745, Anna Chapman, Waiter, $40581
398-26-8100, Alberta Brooks, Dancer, $56812
403-57-4171, Alberta Dixon, Kennel worker, $73505
176-39-8332, Anna Crawford, Clairvoyant, $87130
537-43-0243, Owen Ferguson, Film director, $99366
247-05-0517, Walter Ferguson, Security guard, $95492
019-57-4169, Miranda Murphy, Waiter, $73979
830-69-9504, Victor Richards, Computer programmer, $48720
371-47-9691, Aldus Anderson, Civil servant, $60724
450-06-5004, Clark Moore, Software consultant, $55846
516-73-0689, Camila Smith, Magician, $57088
418-07-0095, Clark Ross, Cabinet maker, $46321
373-29-2470, Martin Reed, Occupational therapist, $29402
939-32-3054, Preston Miller, Software consultant, $109228
073-31-9669, Sarah Johnston, Jockey, $72067
967-03-6606, Eleanor Hunt, Publisher, $110623
658-48-0668, Alberta Murray, Meteorologist, $121734
363-29-0904, Marcus Crawford, Illustrator, $120056
103-26-7940, Maya Richards, Security guard, $49876
585-44-4020, Amber Ferguson, Mortician, $73695
388-71-2694, George Chapman, Dental nurse, $68799
739-15-7882, Miranda Bailey, Care assistant, $75239
611-85-2920, Sam Morrison, Security guard, $116769
340-27-5138, Julia Harrison, Camera operator, $47217
013-96-5798, Rosie Thomas, Security guard, $100419
910-37-4609, Connie Morrison, Security guard, $118809
157-89-5102, Maria Holmes, Chiropodist, $93952
287-47-3653, Edwin Ross, Meter reader, $42687
540-39-7155, Lana Harris, Waiter, $60850
223-15-2690, Abigail Wilson, Kennel worker, $81928
986-74-4457, Kirsten Barrett, Bartender, $35249
846-67-3557, Jasmine Rogers, Civil servant, $92863
815-34-3524, Arthur Kelley, Pharmacist, $61609
852-79-1425, Charlotte Stevens, Cleric, $119030
370-62-9543, Ned Carroll, Mortician, $71447
421-15-0246, Haris Thomas, Cleric, $37489
173-56-0623, Sofia Walker, Publisher, $109610
843-17-1397, Clark Baker, Film director, $25896
169-11-0299, Dainton Hunt, Dancer, $85630
303-03-4765, Emily Elliott, Dental nurse, $94293
875-24-9190, Henry Elliott, Security guard, $63421
854-28-0666, Camila Bennett, Camera operator, $79117
243-78-5450, Lilianna Campbell, Pharmacist, $67067
281-16-8632, Jacob Elliott, Dietician, $52632
384-96-6918, Sarah Spencer, Train driver, $39708
553-96-6918, Adele Hall, Computer programmer, $123725
349-65-1941, Natalie Miller, Camera operator, $83736
800-05-5738, Kate Henderson, Computer programmer, $95110
379-44-8032, Ned Kelly, Blacksmith, $108737
785-56-8489, Natalie Ross, Magician, $47802
158-57-8027, Ryan Morrison, Film director, $44793
361-04-6807, Ryan Warren, Meter reader, $42468
483-58-2611, Stuart Johnson, Shoemaker, $107639
264-77-0014, Dominik Brooks, Cabinet maker, $58263
179-66-7945, Maria Henderson, Occupational therapist, $33663
233-54-0468, Sam Miller, Mortician, $102628
988-83-8933, John Warren, Civil servant, $67569
505-64-8420, Madaline Grant, Chiropodist, $98360
989-97-9881, Ryan Stevens, Pharmacist, $122427
380-64-8517, Isabella Harris, Cabinet maker, $40339
750-85-8296, Evelyn Elliott, Kennel worker, $113732
390-53-0407, Alford Johnson, Security guard, $38473
751-04-9354, Jared Clark, Psychiatrist, $78501
876-76-6262, Stuart Adams, Psychiatrist, $91828
898-05-4077, Frederick Cooper, Film director, $55579
088-48-8311, Kate Richards, Clairvoyant, $118387
647-76-4002, Paul Elliott, Camera operator, $96331
802-36-2259, Lucia Ryan, Magician, $29668
269-29-9569, Freddie Bennett, Train driver, $52842
842-96-7099, Kelsey Casey, Security guard, $44290
111-71-0005, Miller Chapman, Waiter, $38424
706-04-3709, Sawyer Hunt, Occupational therapist, $39304
989-08-4734, Eleanor Miller, Illustrator, $68587
622-71-6321, Steven Scott, Jockey, $82619
983-17-5063, Kevin Adams, Psychiatrist, $62595
774-26-2751, Olivia Spencer, Magician, $37905
631-80-3544, Amelia Moore, Magician, $100526
434-65-0173, James Alexander, Blacksmith, $75013
392-95-1421, Brooke Morrison, Software consultant, $117364
111-40-8568, Cadie Riley, Train driver, $50363
316-82-6234, Arthur Harper, Pharmacist, $66886
379-46-5257, Belinda Higgins, Chiropodist, $26936
358-57-8125, Joyce Evans, Dancer, $34646
618-18-2035, Isabella Owens, Dancer, $94116
045-94-1794, Victoria Warren, Psychiatrist, $36399
567-08-9835, Richard Henderson, Civil servant, $102456
672-25-2816, Stella Hill, Publisher, $63974
518-35-6918, John Reed, Jockey, $86261
616-18-0322, Samantha Hamilton, Occupational therapist, $37612
238-04-2859, Spike Parker, Home-worker, $29006
610-08-1617, Dainton Hill, Cabinet maker, $29634
656-68-6955, Joyce Evans, Computer programmer, $65273
270-90-9601, James Jones, Chiropodist, $120320
997-53-0687, Lucas Howard, Care assistant, $35170
993-83-5239, Maya Russell, Blacksmith, $107029
525-53-6699, Charlotte Gibson, Pharmacist, $103574
781-81-4998, Richard Perry, Meter reader, $64254
552-29-8976, Alan Mason, Care assistant, $92233
101-49-5357, Ryan Ryan, Lifeguard, $33861
942-95-3749, Nicholas Hunt, Waiter, $106651
308-26-1670, Owen Holmes, Lifeguard, $106140
204-13-4002, Dainton Cole, Blacksmith, $65262
133-97-7553, Amber Adams, Camera operator, $112688
188-10-9515, Julia Thomas, Jockey, $73346
279-24-4801, Adrianna Barnes, Home-worker, $37147
063-59-6964, Natalie Williams, Stockbroker, $60429
555-49-4732, Rebecca Clark, Security guard, $70232
269-03-2057, Evelyn Crawford, Cabinet maker, $52966
370-30-2852, Emily Carroll, Debt collector, $87015
997-12-4852, Honey Baker, Publisher, $100466
201-30-8971, Ellia Parker, Shoemaker, $60746
679-15-0777, Harold West, Bartender, $99945
249-66-1836, Ryan Perry, Film director, $51204
340-18-2857, Carl Crawford, Blacksmith, $37189
845-87-7931, Sydney Perry, Dietician, $98508
421-95-7227, Miller Nelson, Lifeguard, $82644
686-93-7989, Vanessa Hunt, Stockbroker, $108739
522-92-5300, Jared Barrett, Software consultant, $98056
237-99-7543, Lydia Hawkins, Train driver, $86753
528-19-4979, Chloe Nelson, Illustrator, $94746
096-61-1839, Kelsey Lloyd, Stockbroker, $48933
223-51-7992, Jessica Barnes, Waiter, $112865
080-02-0966, Naomi Richards, Cleric, $50244
474-56-8271, Alberta Ryan, Cleric, $25218
610-81-2920, Cadie Wilson, Meter reader, $43885
375-62-0600, Sophia Thomas, Stockbroker, $80931
971-35-5643, Aiden Reed, Dietician, $56719
536-79-4761, Evelyn Bennett, Shoemaker, $117398
355-00-2143, Alexia Moore, Camera operator, $93475
981-46-1215, Ellia Henderson, Psychiatrist, $104924
016-13-7103, Owen Payne, Cabinet maker, $44037
116-90-0610, Edwin Stewart, Shoemaker, $38364
598-13-8684, Alina Montgomery, Film director, $70244
512-89-3447, Isabella Carter, Civil servant, $32943
721-99-9306, Samantha Reed, Psychiatrist, $91654
433-52-9093, Annabella Dixon, Care assistant, $54696
776-59-1276, Sydney Myers, Home-worker, $85220
931-75-0699, Florrie Casey, Blacksmith, $42322
288-43-1185, Oliver Clark, Film director, $113995
064-71-7321, Adelaide Bailey, Debt collector, $30333
628-46-4724, Lana Ferguson, Bartender, $86773
842-04-5531, Tony Clark, Cabinet maker, $92690
454-06-0517, Tiana Robinson, Film director, $43422
593-45-4712, Connie Murray, Home-worker, $44385
107-95-5686, Charlotte Owens, Shoemaker, $85236
832-87-1701, Vivian Richards, Home-worker, $107218
808-72-1575, Ellia Hunt, Cleric, $96263
633-47-7405, William Brown, Debt collector, $58969
640-99-4628, Kristian Grant, Civil servant, $30101
472-91-5457, Sarah Hall, Cleric, $67855
646-66-5634, Fiona Andrews, Waiter, $68568
239-76-9185, Arianna Hill, Dental nurse, $71444
334-70-3612, Anna Chapman, Bartender, $91718
958-52-0751, Deanna Phillips, Train driver, $30829
221-75-6344, Grace Ellis, Kennel worker, $87903
382-71-1806, Jessica Warren, Magician, $32108
373-98-4985, Florrie Grant, Chiropodist, $108640
921-94-2926, Frederick Taylor, Mortician, $59581
843-75-0301, Kirsten Tucker, Bartender, $121289
846-12-1261, Connie Hall, Cabinet maker, $63488
280-67-1533, Sofia Edwards, Publisher, $27361
809-90-0060, Stuart Walker, Magician, $72945
145-53-3246, Madaline Holmes, Magician, $121997
577-94-7485, Walter Kelley, Mortician, $40555
616-18-1730, Oscar Ross, Jockey, $99860
029-24-7417, Maria Crawford, Chiropodist, $67849
367-96-9314, Ellia Warren, Debt collector, $100693
719-72-2748, Walter Tucker, Shoemaker, $122712
899-33-6904, Lana Johnson, Care assistant, $60991
947-84-2895, Spike Fowler, Magician, $106609
143-46-1164, Rubie Robinson, Chiropodist, $62305
387-51-0183, Arnold Chapman, Pharmacist, $39304
985-80-5120, Lenny Elliott, Dancer, $34603
526-90-4157, Kristian Warren, Jockey, $42611
813-68-5730, Heather Grant, Care assistant, $91172
614-25-5651, Joyce Sullivan, Meteorologist, $107388
361-14-1127, Jasmine Hall, Train driver, $44882
054-45-2787, Camila Hill, Blacksmith, $115787
026-24-9060, Jenna Fowler, Clairvoyant, $50627
550-81-8440, Carlos Johnston, Blacksmith, $119613
168-46-7768, Preston Kelley, Magician, $34992
803-95-6249, John Tucker, Stockbroker, $102951
415-81-8126, Walter Higgins, Blacksmith, $77200
519-02-1599, Freddie Hawkins, Jockey, $38619
759-59-0336, Olivia Nelson, Waiter, $70469
466-14-5064, Sam Henderson, Shoemaker, $96111
537-12-5850, Tess Owens, Meteorologist, $76267
292-67-0755, Maya Foster, Train driver, $61146
840-85-7057, Madaline Perkins, Mortician, $41951
518-42-9740, Grace Chapman, Clairvoyant, $40482
091-57-0024, Elise Casey, Train driver, $114635
961-28-3099, Frederick Dixon, Publisher, $31232
033-58-3529, Adrianna Watson, Train driver, $61958
626-41-8928, Abraham Sullivan, Camera operator, $60972
586-90-1915, Cherry Gibson, Bartender, $79018
525-64-1189, Carl Hall, Blacksmith, $39550
281-44-4662, Sophia Richards, Illustrator, $28342
041-63-1222, Martin Sullivan, Dental nurse, $29775
161-27-2667, Lenny Mitchell, Security guard, $123655
414-48-9883, Florrie Morris, Civil servant, $91329
421-25-9668, Lenny Fowler, Cook, $123516
904-83-9745, Madaline Murray, Clairvoyant, $44613
548-24-7723, Jacob Ross, Dental nurse, $74885
874-66-6902, Sam Perry, Debt collector, $102014
537-38-0860, Paige Hall, Camera operator, $93748
640-86-4063, Thomas West, Clairvoyant, $123100
532-06-4542, Kirsten Ellis, Chiropodist, $57691
220-50-6846, Paige Parker, Meteorologist, $29804
513-58-1172, Ada Morrison, Chiropodist, $32901
108-60-3563, Adam Tucker, Jockey, $108199
723-65-4071, Miller Morgan, Illustrator, $122520
386-03-2615, Julia Mason, Kennel worker, $99689
996-97-3769, John Harrison, Magician, $39842
070-09-8760, Emma Carroll, Camera operator, $112654
532-08-0384, Robert Armstrong, Security guard, $81694
845-24-6340, Luke Chapman, Camera operator, $59855
631-84-5493, Eleanor Cunningham, Waiter, $120669
562-24-7258, Tess Perry, Dietician, $33042
702-05-3553, Amanda Johnson, Occupational therapist, $110164
813-62-1502, Haris Hunt, Cabinet maker, $59541
524-50-7847, Adelaide Douglas, Dancer, $54334
374-47-1523, Madaline Moore, Magician, $104904
652-49-7516, Kate Spencer, Shoemaker, $76376
174-58-5351, Adrianna Allen, Lifeguard, $58354
703-52-2676, Aiden West, Train driver, $75954
187-66-5151, Audrey West, Psychiatrist, $27923
810-82-6156, Paul Stevens, Psychiatrist, $25468
762-99-6321, Clark Barnes, Cleric, $37784
299-68-8231, Belinda Taylor, Chiropodist, $76257
208-94-5402, Walter Anderson, Magician, $54704
202-93-7879, Aldus Hunt, Lifeguard, $46079
005-15-1931, Victor Moore, Psychiatrist, $60715
352-46-2306, Lenny Casey, Shoemaker, $103305
710-64-9227, Arnold Taylor, Meter reader, $120113
423-49-9090, Arnold Scott, Pharmacist, $53140
487-31-2835, Arnold Douglas, Home-worker, $84549
192-52-2593, Miller Richards, Meteorologist, $31241
796-29-0792, Sabrina Watson, Security guard, $79628
444-45-6385, Rosie Watson, Mortician, $34824
531-23-3233, Brad Hill, Cabinet maker, $92361
064-38-6570, Owen Gibson, Pharmacist, $90576
840-61-7620, Isabella Edwards, Shoemaker, $110926
541-37-5354, Lucia Allen, Dietician, $82458
905-07-7765, Walter Richards, Meteorologist, $44587
921-49-3845, Lilianna Mason, Occupational therapist, $53982
316-61-5463, Audrey Barnes, Occupational therapist, $76086
219-50-0852, Vivian Watson, Blacksmith, $94806
709-88-5273, Tony Phillips, Chiropodist, $54051
937-96-0150, Adrian Warren, Shoemaker, $28630
658-36-5461, Andrew Parker, Home-worker, $54595
372-46-1282, Catherine Thompson, Meteorologist, $100494
201-05-8017, Nicole Craig, Dancer, $34368
509-16-2891, Frederick Jones, Jockey, $121781
660-19-3614, Preston Johnson, Dental nurse, $112220
385-60-9600, Miranda Hall, Computer programmer, $78503
125-86-4498, Camila Moore, Camera operator, $32229
176-36-1517, Alina Carroll, Bartender, $117597
449-13-4071, April Elliott, Stockbroker, $59588
979-81-9727, Maya Robinson, Dietician, $105797
804-86-5073, Madaline Wilson, Pharmacist, $51821
472-75-2761, Walter Thomas, Chiropodist, $104108
573-37-6464, Blake Carter, Cleric, $92993
680-23-6967, Natalie Perry, Chiropodist, $81379
618-07-4158, Lucia Morrison, Care assistant, $93237
028-96-9331, Paige Holmes, Dietician, $36929
829-07-1426, Dale Hill, Lifeguard, $72248
904-59-1357, Arnold Chapman, Jockey, $100294
112-39-8967, Brooke Ferguson, Debt collector, $101266
778-56-9881, Aiden Hill, Film director, $90576
205-98-1607, Jack Evans, Occupational therapist, $42555
345-59-0760, Lenny Thomas, Security guard, $36451
955-96-0197, Ellia Douglas, Lifeguard, $89971
711-10-6963, Eddy Carter, Film director, $114656
916-13-3295, Daryl Edwards, Chiropodist, $90267
104-18-6635, Emily Harris, Stockbroker, $43168
273-92-9904, Kate Gray, Home-worker, $109280
168-77-0312, Julia Cameron, Shoemaker, $87730
578-39-1356, Penelope Armstrong, Meter reader, $25215
118-51-2630, Adele Thompson, Blacksmith, $116003
384-46-5666, Lucia Payne, Dietician, $116419
299-70-1657, Vanessa Anderson, Mortician, $76604
578-12-1845, Rubie Brown, Film director, $46093
467-95-4632, Alina Stewart, Dancer, $41797
985-16-4978, Carl Richards, Civil servant, $105305
772-19-1937, Stuart Payne, Waiter, $39680
134-71-6048, Paul Walker, Security guard, $100616
801-45-0480, Julia Perry, Film director, $99153
628-94-5193, Freddie Parker, Stockbroker, $52813
101-84-9547, Florrie Dixon, Security guard, $77108
667-56-1237, Melissa Chapman, Dental nurse, $53436
388-22-1100, Isabella Barnes, Illustrator, $51001
888-02-5429, Lily Higgins, Film director, $43562
947-07-4586, Isabella Campbell, Train driver, $122495
878-65-8151, Justin Johnson, Occupational therapist, $25813
717-57-1112, Evelyn Wilson, Waiter, $51343
775-30-2737, Lucia Kelley, Care assistant, $70085
218-44-9775, Elise Nelson, Stockbroker, $72054
034-70-4164, Adrianna Warren, Civil servant, $91616
665-90-5799, April Murray, Kennel worker, $100240
463-59-6493, Sofia Parker, Illustrator, $34589
954-27-3355, Madaline Reed, Stockbroker, $123831
526-41-3188, Samantha Higgins, Publisher, $113981
786-50-9338, Miller Carter, Magician, $98801
717-10-9020, Stuart Owens, Bartender, $98039
359-15-8857, Oscar Henderson, Dietician, $97598
899-67-5492, Anna Douglas, Shoemaker, $116315
299-13-5225, Carl Chapman, Shoemaker, $39093
319-97-2269, George Sullivan, Psychiatrist, $25803
730-01-0465, Miller Murphy, Debt collector, $53903
084-17-0335, Michael Wilson, Software consultant, $79745
578-82-1648, Martin Murray, Blacksmith, $102539
080-38-2420, Belinda Wells, Psychiatrist, $39341
467-60-1427, Adrianna Murray, Film director, $124919
487-43-2554, Kirsten Gray, Dancer, $25685
738-11-7385, Leonardo Montgomery, Jockey, $52986
973-40-6098, Oliver Fowler, Debt collector, $53854
452-25-2096, Sam Henderson, Stockbroker, $56295
192-79-1316, Preston Montgomery, Magician, $39102
241-65-0788, Jasmine Johnson, Security guard, $36308
276-79-1068, Miranda Hunt, Mortician, $52360
092-38-9126, Michelle Sullivan, Civil servant, $47504
811-78-5338, Honey Nelson, Dancer, $91464
204-14-1078, Cadie Higgins, Meteorologist, $96220
238-22-6934, Alford Williams, Meter reader, $115717
260-91-3081, Miller Foster, Shoemaker, $73943
387-10-0465, Martin Warren, Software consultant, $48319
370-58-1674, Dominik West, Shoemaker, $109298
842-52-5060, Tony Murphy, Debt collector, $46353
687-40-8430, Ada Alexander, Civil servant, $35285
514-74-8439, Victor Lloyd, Shoemaker, $54579
137-42-5696, Honey Barrett, Magician, $58364
779-81-1520, Sam Hamilton, Train driver, $74609
439-71-2179, Roman Reed, Cabinet maker, $53520
311-04-2451, Florrie Myers, Magician, $123469
106-46-4848, Nicholas Brown, Software consultant, $84567
808-20-4603, Vincent Gray, Psychiatrist, $119196
759-63-6622, Isabella Grant, Magician, $49601
371-54-7856, Alexia Ross, Dental nurse, $57934
159-42-7753, Patrick Carroll, Clairvoyant, $102861
676-30-7020, Carlos Dixon, Dancer, $101950
107-55-8327, Vincent Armstrong, Kennel worker, $62415
948-55-6754, Harold Lloyd, Debt collector, $99828
483-21-7124, Isabella Tucker, Computer programmer, $102071
537-14-6677, Brooke Carroll, Train driver, $33369
572-74-7492, Naomi Cooper, Blacksmith, $123917
405-96-3526, Stuart Nelson, Blacksmith, $50245
033-35-8535, Sophia Hall, Blacksmith, $100465
496-61-7615, Amanda Johnson, Computer programmer, $35354
050-98-2620, Paul Miller, Camera operator, $100479
545-65-4726, Eddy Fowler, Stockbroker, $61597
332-15-1680, Camila Harrison, Dental nurse, $83121
520-64-5849, Albert Dixon, Illustrator, $54630
239-12-8829, Camila Smith, Security guard, $45350
874-70-8520, Kelsey Gray, Camera operator, $105453
118-58-5910, Nicholas Cameron, Dancer, $69451
672-97-8375, Kristian Moore, Camera operator, $85263
664-50-3073, Edward Baker, Cleric, $118095
815-04-2760, Sophia Stewart, Pharmacist, $42754
109-28-6140, Brad Barrett, Jockey, $89070
815-82-7270, Mike Clark, Civil servant, $78956
922-44-6014, Lana Nelson, Magician, $37240
829-42-4541, Kelsey Grant, Home-worker, $84028
139-31-3359, Michelle Murphy, Train driver, $68667
239-58-1874, Adison Crawford, Security guard, $57684
884-42-2337, Isabella Miller, Meteorologist, $51135
668-65-5890, Isabella Evans, Film director, $88342
619-52-5156, Eddy Lloyd, Kennel worker, $123961
839-11-4266, Olivia Reed, Blacksmith, $52460
874-68-1160, Carlos Edwards, Waiter, $99855
626-81-8708, Carl Adams, Magician, $40397
135-56-8331, Sydney Montgomery, Cook, $54815
597-69-4622, Nicholas Cole, Psychiatrist, $36723
537-06-9996, Cadie Hall, Film director, $110935
278-60-9515, Kelsey Richardson, Lifeguard, $101646
096-62-1013, Ada Moore, Security guard, $59402
838-26-3172, Walter Wilson, Publisher, $53453
634-60-8910, Preston Carroll, Computer programmer, $31191
386-56-3750, Vanessa Adams, Occupational therapist, $33664
076-09-7820, Lucy Richards, Software consultant, $106501
790-26-8432, Kimberly Crawford, Software consultant, $83094
831-51-2643, Emily Dixon, Waiter, $116136
350-16-7786, Abraham Ellis, Mortician, $36331
323-49-8135, Frederick Johnston, Jockey, $43747
130-49-5081, Stella Morgan, Pharmacist, $60201
290-43-7551, Lucy Tucker, Meter reader, $38554
452-27-2494, Amy Wright, Debt collector, $64044
477-86-8388, Florrie Evans, Waiter, $103319
480-15-5668, Amanda Taylor, Magician, $70366
539-42-1255, Honey Elliott, Meter reader, $38816
766-23-7807, Lucas Gibson, Waiter, $91386
172-34-5285, Ashton Fowler, Chiropodist, $73578
738-64-0056, Steven Richards, Film director, $64152
413-00-0577, Joyce Richardson, Shoemaker, $62834
610-20-8266, Oliver Warren, Home-worker, $37751
504-74-6202, Carl Chapman, Jockey, $63310
748-52-4591, Jessica Stewart, Kennel worker, $81642
372-03-5254, Clark Casey, Meter reader, $81469
835-42-2747, Kirsten Russell, Home-worker, $91228
746-09-8527, Sophia Reed, Illustrator, $30375
702-24-4535, Dainton Kelley, Film director, $83377
066-24-7895, Adrian Morgan, Camera operator, $88115
046-91-1375, Olivia Mason, Illustrator, $98678
539-96-1849, Abigail Henderson, Shoemaker, $53614
193-14-3855, Lana Barrett, Civil servant, $122666
219-38-1719, Sarah Ross, Dancer, $71390
473-90-1268, Miley Reed, Kennel worker, $48821
491-94-4313, Aiden Owens, Clairvoyant, $97280
037-94-7826, Emily Davis, Kennel worker, $59126
